/*
Navicat MySQL Data Transfer

Source Server         : LOCALSERVER
Source Server Version : 50715
Source Host           : localhost:3306
Source Database       : ard_compras

Target Server Type    : MYSQL
Target Server Version : 50715
File Encoding         : 65001

Date: 2016-09-12 20:54:49
*/

SET FOREIGN_KEY_CHECKS=0;

-- ----------------------------
-- Table structure for `dependencias`
-- ----------------------------
DROP TABLE IF EXISTS `dependencias`;
CREATE TABLE `dependencias` (
  `id` int(11) NOT NULL AUTO_INCREMENT,
  `dependencia` varchar(200) NOT NULL DEFAULT '',
  `renglon` int(11) NOT NULL,
  PRIMARY KEY (`id`)
) ENGINE=InnoDB AUTO_INCREMENT=185 DEFAULT CHARSET=utf8;

-- ----------------------------
-- Records of dependencias
-- ----------------------------
INSERT INTO `dependencias` VALUES ('1', 'ACADEMIA NAVAL VALM \"CESAR DE WINDT LAVANDIER (ARD)', '1');
INSERT INTO `dependencias` VALUES ('2', 'SUDIRECCION  DEL DEPARTAMENTO DE ENSEÑANZAS DE LA ACADEMIA NAVAL, ARD.', '1');
INSERT INTO `dependencias` VALUES ('3', 'SUBDIRECCION JEFE DE CUERPO DE LA ACADEMIA NAVAL VALM \"CESAR DE WINDT LAVANDIER', '1');
INSERT INTO `dependencias` VALUES ('4', 'SUBDIRECCION  ACADEMICO DE LA ACADEMIA NAVAL \"VALM. CESAR DE WINDT LAVANDIER\"', '1');
INSERT INTO `dependencias` VALUES ('5', 'SUBDIRECCION  ADMINISTRATIVA  DE LA ACADEMIA NAVAL VALM \"CESAR DE WINDT LAVANDIER\"', '1');
INSERT INTO `dependencias` VALUES ('6', 'SUBDIRECCION  DE INVESTIGACIONES DE LA ACADEMIA NAVAL \"VALM. CESAR DE WINDT LAVANDIER\"', '1');
INSERT INTO `dependencias` VALUES ('7', 'ASTILLEROS NAVALES DOMINICANOS', '5');
INSERT INTO `dependencias` VALUES ('8', 'SUBDIRECCION  ADMINISTRATIVA  DE LOS ASTILLEROS NAVALES DOMINICANOS', '5');
INSERT INTO `dependencias` VALUES ('9', 'SUBDIRECCION  TECNICA  DE LOS ASTILLEROS NAVALES DOMINICANOS', '5');
INSERT INTO `dependencias` VALUES ('10', 'CLUB NAVAL PARA OFICIALES', '5');
INSERT INTO `dependencias` VALUES ('11', 'SUBDIRECCION  DE EVENTOS Y ACTIVIDADES DEL CLUB NAVAL PARA OFICIALES', '5');
INSERT INTO `dependencias` VALUES ('12', 'COMANDANCIA DE PUERTO DE BOCA CHICA', '2');
INSERT INTO `dependencias` VALUES ('13', 'SUBDIRECCION  DE LA COMANDANCIA DE PUERTO DE BOCA CHICA, ARD.', '2');
INSERT INTO `dependencias` VALUES ('14', 'COMANDANCIA GENERAL DE LA ARMADA DE REPÚBLICA DOMINICANA (ARD)', '1');
INSERT INTO `dependencias` VALUES ('15', 'SUBDIRECCION  ADMINISTRATIVA  DE LA COMANDANCIA GENERAL, ARD.', '5');
INSERT INTO `dependencias` VALUES ('16', 'SUBDIRECCION  DE ARCHIVO DE LA COMANDANCIA GENERAL, ARD.', '1');
INSERT INTO `dependencias` VALUES ('17', 'SUBDIRECCION  OPERACIONAL DE LA COMANDANCIA GENERAL, ARD.', '1');
INSERT INTO `dependencias` VALUES ('18', 'COMANDO DE INFANTERIA DE MARINA, ARD.', '5');
INSERT INTO `dependencias` VALUES ('19', 'SUBDIRECCION  DEL COMANDO DE INFANTERIA DE MARINA, ARD.', '5');
INSERT INTO `dependencias` VALUES ('20', 'COMANDO NAVAL DE EDUCACIÓN Y ENTRENAMIENTO, (ARD)', '5');
INSERT INTO `dependencias` VALUES ('21', 'SUBDIRECCION  DEL DEPTO. DE EDUCACION DE ADULTOS, DIR.DE COMANDO NAVAL DE EDUCACION Y ENTRENAMIENTO, ARD.', '5');
INSERT INTO `dependencias` VALUES ('22', 'SUBDIRECCION  DEL COMANDO NAVAL DE EDUCACION Y ENTRENAMIENTO, ARD.', '5');
INSERT INTO `dependencias` VALUES ('23', 'COMISIÓN PERMANENTE PARA  REFORMA Y MOD. DE LA ARMADA DE REPUBLICA DOMINICANA (ARD)', '5');
INSERT INTO `dependencias` VALUES ('24', 'SUBDIRECCION  DE LA COMISION PERMANENTE PARA LA REFORMA Y MODERNIZACION DE LA ARD.', '5');
INSERT INTO `dependencias` VALUES ('25', 'DIR.BANDA DE MUSICA \"TN. BIENVENIDO A. BUSTAMANTE\"', '5');
INSERT INTO `dependencias` VALUES ('26', 'SUBDIRECCION  DE LA BANDA DE MUSICA, ARD.', '5');
INSERT INTO `dependencias` VALUES ('27', 'DIR.DE INSPECTORES POR EL ESTADO RECTOR DEL PUERTO', '5');
INSERT INTO `dependencias` VALUES ('28', 'SUBDIRECCION  DE INSPECTORES POR EL ESTADO RECTOR DEL PUERTO, ARD.', '5');
INSERT INTO `dependencias` VALUES ('29', 'DIRECCION DE ACCION CIVICA Y BIENESTAR DEL MARINO', '5');
INSERT INTO `dependencias` VALUES ('30', 'SUBDIRECCION  DE ACCION CIVICA, ARD.', '5');
INSERT INTO `dependencias` VALUES ('31', 'DIRECCION DE ASUNTOS INTERNOS DE LA ARD', '5');
INSERT INTO `dependencias` VALUES ('32', 'SUBDIRECCION  DE ASUNTOS INTERNOS, ARD.', '5');
INSERT INTO `dependencias` VALUES ('33', 'DIRECCIÓN DE CONTABILIDAD, INTENDENCIA GENERAL', '5');
INSERT INTO `dependencias` VALUES ('34', 'SUBDIRECCION  DE TESORERIA DE LA DIRECCION DE CONTABILIDAD, ARD.', '5');
INSERT INTO `dependencias` VALUES ('35', 'DIRECCION DE ESTADISTICA Y ANALISIS DE PERSONAL', '5');
INSERT INTO `dependencias` VALUES ('36', 'SUBDIRECCION  DE ESTADISTICAS Y ANALISIS DE PERSONAL, ARD.', '5');
INSERT INTO `dependencias` VALUES ('37', 'DIRECCION DE PRESUPUESTO, (ARD)', '5');
INSERT INTO `dependencias` VALUES ('38', 'SUBDIRECCION  DE PRESUPUESTO, INTENDENCIA GENERAL, ARD.', '5');
INSERT INTO `dependencias` VALUES ('39', 'DIRECCIÓN DE TECNOLOGIA COMPUTACIONAL, (ARD)', '5');
INSERT INTO `dependencias` VALUES ('40', 'SUBDIRECCION  DE TECNOLOGIA COMPUTACIONAL, ARD.', '5');
INSERT INTO `dependencias` VALUES ('41', 'DIRECCION DEL CENTRO DE CAPACITACIÓN TÉCNICA, (CCT) , ARD', '5');
INSERT INTO `dependencias` VALUES ('42', 'SUBDIRECCION  DEL CENTRO DE CAPACITACION TECNICA, ARD.', '5');
INSERT INTO `dependencias` VALUES ('43', 'DIRECCIÓN DEL CUERPO JURIDICO, (ARD)', '5');
INSERT INTO `dependencias` VALUES ('44', 'SUBDIRECCION  DE LA DIRECCION DEL CUERPO JURIDICO, ARD.', '5');
INSERT INTO `dependencias` VALUES ('45', 'SUBDIRECCION  TECNICA  LEGAL DEL CUERPO JURIDICO, ARD.', '5');
INSERT INTO `dependencias` VALUES ('46', 'DIRECCIÓN DEL DEPTO. ELECTRICIDAD DE LA ARD', '5');
INSERT INTO `dependencias` VALUES ('47', 'SUBDIRECCION  DE ELECTRICIDAD, ARD.', '5');
INSERT INTO `dependencias` VALUES ('48', 'DIRECCION DEL SERVICIO HIDROGRAFICO DE LA ARMADA DE REPUBLICA DOMINICANA.', '5');
INSERT INTO `dependencias` VALUES ('49', 'SUBDIRECCION  DEL SERVICIO HIDROGRAFICO DE LA ARMADA DE REPUBLICA DOMINICANA.', '5');
INSERT INTO `dependencias` VALUES ('50', 'DIRECCIÓN GENERAL DE COMANDANCIAS DE PUERTOS', '5');
INSERT INTO `dependencias` VALUES ('51', 'SUBDIRECCION  ADMINISTRATIVA  DE LA DIRECCION GENERAL DE COMANDANCIAS DE PUERTOS.', '5');
INSERT INTO `dependencias` VALUES ('52', 'SUBDIRECCION  TECNICA  DE LA DIRECCION GENERAL COMANDANCIAS DE PUERTOS, ARD.', '5');
INSERT INTO `dependencias` VALUES ('53', 'DIRECCION GENERAL DE CONSTRUCCIONES Y REPARACIONES NAVALES', '5');
INSERT INTO `dependencias` VALUES ('54', 'SUBDIRECCION  DE CONSTRUCCIONES Y REPARACIONES NAVALES', '5');
INSERT INTO `dependencias` VALUES ('55', 'DIRECCION GENERAL DE CUERPO MEDICO Y SANIDAD NAVAL, B/N \" 27 DE FEB.\"', '5');
INSERT INTO `dependencias` VALUES ('56', 'SUBDIRECCION  DEL CUERPO MEDICO Y SANIDAD NAVAL', '5');
INSERT INTO `dependencias` VALUES ('57', 'DIRECCIÓN GENERAL DE DEPORTES, (ARD)', '5');
INSERT INTO `dependencias` VALUES ('58', 'SUBDIRECCION  DE LA DIRECCION GENERAL DE DEPORTES, ARD.', '5');
INSERT INTO `dependencias` VALUES ('59', 'DIRECCIÓN GENERAL DE DRAGAS, PRESAS Y BALIZAMIENTO', '5');
INSERT INTO `dependencias` VALUES ('60', 'SUBDIRECCION   DE CONTABILIDAD DE LA DIRECCIÓN GENERAL DE DRAGAS, PRESAS Y BALIZAMIENTO, ARD.', '5');
INSERT INTO `dependencias` VALUES ('61', 'SUBDIRECCION  ADMINISTRATIVA  DE LA DIRECCION GENERAL DE DRAGAS, PRESAS Y BALIZAMIENTO', '5');
INSERT INTO `dependencias` VALUES ('62', 'SUBDIRECCION  TECNICA  DE LA DIRECCION GENERAL DE DRAGAS, PRESAS Y BALIZAMIENTO', '5');
INSERT INTO `dependencias` VALUES ('63', 'DIRECCION GENERAL DE INGENIERIA, (ARD)', '5');
INSERT INTO `dependencias` VALUES ('64', 'SUBDIRECCION  GENERAL DE INGENIERIA', '5');
INSERT INTO `dependencias` VALUES ('65', 'SUBDIRECCION  TECNICA  DE LA DIRECCION GENERAL DE INGENIERIA, ARD.', '5');
INSERT INTO `dependencias` VALUES ('66', 'DIRECCION GENERAL DE LOGISTICA, (M-4) , ARD', '5');
INSERT INTO `dependencias` VALUES ('67', 'SUBDIRECCION  DE LOGISTICA, INTENDENCIA GENERAL', '5');
INSERT INTO `dependencias` VALUES ('68', 'DIRECCION GENERAL DE PLANES Y PROYECTO, (ARD)', '5');
INSERT INTO `dependencias` VALUES ('69', 'SUBDIRECCION  DE PLANES Y PROYECTOS MARINA DEL MILENIO, ARD.', '5');
INSERT INTO `dependencias` VALUES ('70', 'DIRECCIÓN GENERAL DE TRANSPORTACIÓN,  (ARD)', '5');
INSERT INTO `dependencias` VALUES ('71', 'SUBDIRECCION  DE LA DIRECCION DE TRANSPORTACION, ARD.', '5');
INSERT INTO `dependencias` VALUES ('72', 'DIRECCIÓN GRAL. DE ORGANIZACIÓN Y DOCTRINA, ARD', '5');
INSERT INTO `dependencias` VALUES ('73', 'SUBDIRECCION  DE ORGANIZACION Y DOCTRINA DE LA ARMADA DE REPUBLICA DOMINICANA', '5');
INSERT INTO `dependencias` VALUES ('74', 'DIRECCIÓN NACIONAL DE PESCA, (ARD)', '5');
INSERT INTO `dependencias` VALUES ('75', 'SUBDIRECCION  DE LA DIRECCION NACIONAL DE PESCA', '5');
INSERT INTO `dependencias` VALUES ('76', 'DIRECCION PARA ASUNTOS DE GENERO DEL CUERPO FEMENINO, (ARD)', '5');
INSERT INTO `dependencias` VALUES ('77', 'SUBDIRECCION A DE ASUNTOS DE GENERO DEL CUERPO FEMENINO, ARD.', '5');
INSERT INTO `dependencias` VALUES ('78', 'DIRECCION UNIDAD SALVAMENTO Y RESCATE DE LA ARD', '5');
INSERT INTO `dependencias` VALUES ('79', 'SUBDIRECCION  DE LA UNIDAD DE SALVAMENTO Y RESCATE DE LA ARD.', '5');
INSERT INTO `dependencias` VALUES ('80', 'DIVISIÓN DE COMUNICACIONES NAVALES, (M-6)', '5');
INSERT INTO `dependencias` VALUES ('81', 'SUBDIRECCION  DE LA DIVISION DE COMUNICACIONES NAVALES (M-6)', '5');
INSERT INTO `dependencias` VALUES ('82', 'DIVISIÓN DE INTELIGENCIA NAVAL (M-2)', '5');
INSERT INTO `dependencias` VALUES ('83', 'SUBDIRECCION  DE INVESTIGACIONES DE LA DIVISION DE INTELIDENCIA NAVAL, M-2', '5');
INSERT INTO `dependencias` VALUES ('84', 'SUBDIRECCION  DE LA DIVISION DE INTELIGENCIA NAVAL, ( M-2)', '5');
INSERT INTO `dependencias` VALUES ('85', 'SUBDIRECCION  DE OPERACIONES DE LA DIVISION DE INTELIGENCIA NAVAL (M-2)', '5');
INSERT INTO `dependencias` VALUES ('86', 'DIVISIÓN DE OPERACIONES NAVALE (M-3), ARD', '5');
INSERT INTO `dependencias` VALUES ('87', 'SUBDIRECCION  DE LA DIVISION DE OPERACIONES NAVALES (M-3), ARD.', '5');
INSERT INTO `dependencias` VALUES ('88', 'SUBDIRECCION  DE PLANIFICACION DE LA DIVISION DE OPERACIONES NAVALES (M-3)', '5');
INSERT INTO `dependencias` VALUES ('89', 'SUBDIRECCION  DEL CENTRO DE OPERACIONES MARITIMAS (COM), (M-3)', '5');
INSERT INTO `dependencias` VALUES ('90', 'DIVISIÓN DE PERSONAL Y ORDEN (M-1), ARD', '5');
INSERT INTO `dependencias` VALUES ('91', 'SUBDIRECCION  DE LA DIVISION DE PERSONAL Y ORDEN (M-1), ARD.', '5');
INSERT INTO `dependencias` VALUES ('92', 'SUBDIRECCION  DE PROCESOS ADMINISTRATIVA S DE LA DIVISION DE PERSONAL Y ORDEN (M-1)', '5');
INSERT INTO `dependencias` VALUES ('93', 'DIVISIÓN DE RELACIONES PÚBLICAS (M-5), ARD', '5');
INSERT INTO `dependencias` VALUES ('94', 'SUBDIRECCION  DE LA DIVISION DE RELACIONES PUBLICAS (M-5), ARD.', '5');
INSERT INTO `dependencias` VALUES ('95', 'SUBDIRECCION  DEL DEPARTAMENTO DE PROTOCOLO DE LA DIVISION DE RELACIONES PUBLICA, M-5', '5');
INSERT INTO `dependencias` VALUES ('96', 'ESCUELA DE GRADUADOS DE COMANDO Y ESTADO MAYOR NAVAL (EGCEMN), ARD', '5');
INSERT INTO `dependencias` VALUES ('97', 'SUBDIRECCION  ACADEMICO DE LA ESCUELA DE GRADUADOS DE COMANDO Y ESTADO MAYOR NAVAL (EGCEMN)', '5');
INSERT INTO `dependencias` VALUES ('98', 'SUBDIRECCION  ADMINISTRATIVA  DE LA ESCUELA DE GRADUADO DE COMANDO Y ESTADO MAYOR NAVAL', '5');
INSERT INTO `dependencias` VALUES ('99', 'SUBDIRECCION  DE ADMISION, REGISTRO Y ESTADISTICA DE LA (EGCEMN)', '5');
INSERT INTO `dependencias` VALUES ('100', 'SUBDIRECCION  DE PLANIFICACION Y DESARROLLO DE LA ESCUELA DE GRADUADOS DE COMANDO Y ESTADO MAYOR NAVAL', '5');
INSERT INTO `dependencias` VALUES ('101', 'INSPECTORIA GENERAL DE LA ARMADA DE REPUBLICA DOMINICANA (ARD)', '1');
INSERT INTO `dependencias` VALUES ('102', 'SUBDIRECCION  DE INVESTIGACIONES DE INSPECTORIA GENERAL, ARD.', '1');
INSERT INTO `dependencias` VALUES ('103', 'INTEDENCIA DEL MATERIAL BELICO DE LA, ARD', '5');
INSERT INTO `dependencias` VALUES ('104', 'SUBDIRECCION  DE INTENDENCIA DE MATERIAL BELICO, ARD.', '5');
INSERT INTO `dependencias` VALUES ('105', 'INTENDENCIA  GENERAL DE LA ARMADA DE REPÚBLICA DOMINICANA (ARD)', '5');
INSERT INTO `dependencias` VALUES ('106', 'SUBDIRECCION  DE ADMINISTRACION Y CONTADURIA, INTENDENCIA GENERAL, ARD.', '5');
INSERT INTO `dependencias` VALUES ('107', 'SUBDIRECCION  DE INTENDENCIA GENERAL, ARD.', '5');
INSERT INTO `dependencias` VALUES ('108', 'SUBDIRECCION  DE LA AUDITORIA INTERNA DE LA ARMADA DE REPUBLICA DOMINICANA', '5');
INSERT INTO `dependencias` VALUES ('109', 'SUBDIRECCION  DEL CENTRO DE COMPUTOS INTENDENCIA GENERAL', '5');
INSERT INTO `dependencias` VALUES ('110', 'PARROQUIA NUESTRA SEÑORA DEL AMPARO. ARD', '5');
INSERT INTO `dependencias` VALUES ('111', 'SUBDIRECCION  DE LA CAPELLANIA DE LA PARROQUIA NUESTRA SRA. AMPARO, ARD.', '5');
INSERT INTO `dependencias` VALUES ('112', 'SUBCOMANDANCIA GENERAL DE LA ARMADA DE REPÚBLICA DOMINICANA (ARD)', '1');
INSERT INTO `dependencias` VALUES ('113', 'SUBDIRECCION  OPERACIONAL DE LA SUBCOMANDANCIA GENERAL, ARD.', '1');
INSERT INTO `dependencias` VALUES ('114', 'SUBDIR.DE EXONERACIONES, ARD. INTENDENCIA GRAL', '5');
INSERT INTO `dependencias` VALUES ('115', 'SUBDIRECCION  GENERAL DE EXONERACIONES, ARD.', '5');
INSERT INTO `dependencias` VALUES ('116', 'SUBDIR.GRAL  DE SUMINISTRO, DIR. GRAL.DE LOGISTICA', '5');
INSERT INTO `dependencias` VALUES ('117', 'SUBDIRECCION  DE SUMINISTRO, INTENDENCIA GENERAL, ARD.', '5');
INSERT INTO `dependencias` VALUES ('118', 'SUBDIRECCIÓN DE COMBUSTIBLES, INTENDENCIA GENERAL', '5');
INSERT INTO `dependencias` VALUES ('119', 'SUBDIRECCION  DE COMBUSTIBLES, INTEDENCIA GENERAL', '5');
INSERT INTO `dependencias` VALUES ('120', 'SUBDIRECCIÓN DE COMPRAS, INTENDENCIA GENERAL', '5');
INSERT INTO `dependencias` VALUES ('121', 'SUBDIRECCION  DE COMPRAS, INTENDENCIA GENERAL, ARD.', '5');
INSERT INTO `dependencias` VALUES ('122', 'SUBDIRECCION DE REFRIGERACION DE LA  BASE NAVAL \"27 DE FEBRERO\"', '5');
INSERT INTO `dependencias` VALUES ('123', 'SUBDIRECCION  GENERAL DE REFRIGERACION, ARD.', '5');
INSERT INTO `dependencias` VALUES ('124', 'SUBDIRECCIÓN DE SUELDOS, INTENDENCIA GENERAL', '5');
INSERT INTO `dependencias` VALUES ('125', 'SUBDIRECCION  DE SUELDOS DE LA ARMADA DE REPÚBLICA DOMINICANA', '5');
INSERT INTO `dependencias` VALUES ('126', 'SUBDIRECCION DEL DESTACAMENTO FARO A COLON, (ARD)', '3');
INSERT INTO `dependencias` VALUES ('127', 'SUBDIRECCION  DE SEGURIDAD MILITAR DEL FARO A COLON, ARD.', '3');
INSERT INTO `dependencias` VALUES ('128', 'SUBDIRECCION DEL TALLER DE MOTORES DIESEL, ARD', '5');
INSERT INTO `dependencias` VALUES ('129', 'SUBDIRECCION  DEL TALLER DE MOTORES DIESEL, ARD.', '5');
INSERT INTO `dependencias` VALUES ('130', 'TALLER DE ELECTRÓNICA, (M-6), ARD', '5');
INSERT INTO `dependencias` VALUES ('131', 'SUBDIRECCION  DEL TALLER DE ELECTRONICA, ARD.', '5');
INSERT INTO `dependencias` VALUES ('132', 'UNIDAD ODONTOLOGICA, ARD', '5');
INSERT INTO `dependencias` VALUES ('133', 'SUBDIRECCION  DE LA UNIDAD DE LOS SERVICIOS ODONTOLOGICOS, ARD.', '5');
INSERT INTO `dependencias` VALUES ('134', 'COMANDANCIA DE PUERTO MULTIMODAL CAUCEDO', '2');
INSERT INTO `dependencias` VALUES ('135', 'SUBDIRECCION  DE LA COMANDANCIA DE PUERTO MULTIMODAL DE CAUCEDO', '2');
INSERT INTO `dependencias` VALUES ('136', 'COMANDANTE DE LA SUBZONA NAVAL ESTE,  (UT-1)', '1');
INSERT INTO `dependencias` VALUES ('137', 'SUBDIRECCION  DE LA SUBZONA NAVAL ESTE (UT-1), ARD.', '1');
INSERT INTO `dependencias` VALUES ('138', 'COMANDANTE DE LA SUBZONA NAVAL ESTE, (UT-2)', '1');
INSERT INTO `dependencias` VALUES ('139', 'SUBDIRECCION  DE LA SUBZONA NAVAL ESTE (UT-2), ARD.', '1');
INSERT INTO `dependencias` VALUES ('140', 'DESTACAMENTO DOTACION BOCA DE CHAVON CASA DE CAMPO', '3');
INSERT INTO `dependencias` VALUES ('141', 'SUBDIRECCION  DEL DESTACAMENTO DOTACION BOCA DE CHAVON CASA DE CAMPO, ARD.', '3');
INSERT INTO `dependencias` VALUES ('142', 'PUESTO AVANZADO DE JUANILLO,  HIGÜEY', '4');
INSERT INTO `dependencias` VALUES ('143', 'SUBDIRECCION  DEL PUESTO AVANZADO DE JUANILLO, ARD.', '4');
INSERT INTO `dependencias` VALUES ('144', 'PUESTO DE OCEAN WORLD, PUERTO PLATA', '4');
INSERT INTO `dependencias` VALUES ('145', 'SUBDIRECCION  DEL COMPLEJO TURISTICO OCEAN WORLD, ARD.', '4');
INSERT INTO `dependencias` VALUES ('146', 'SUB-ZONA NAVAL NOROESTE (UT-3), ARD', '1');
INSERT INTO `dependencias` VALUES ('147', 'SUBDIRECCION  DE LA SUBZONA NAVAL NOROESTE (UT-3), ARD.', '1');
INSERT INTO `dependencias` VALUES ('148', 'SUB-ZONA NAVAL NOROESTE (UT-4), ARD', '1');
INSERT INTO `dependencias` VALUES ('149', 'SUBDIRECCION  DE LA SUBZONA NAVAL NOROESTE (UT-4), ARD.', '1');
INSERT INTO `dependencias` VALUES ('150', 'ASTILLEROS NAVALES BAHÍA \"LAS CALDERAS\"', '5');
INSERT INTO `dependencias` VALUES ('151', 'SUBDIRECCION  TECNICA  DE LOS ASTILLEROS NAVALES \"BAHIA LAS CALDERAS\"', '5');
INSERT INTO `dependencias` VALUES ('152', 'BASE NAVAL \"LAS CALDERAS\"', '1');
INSERT INTO `dependencias` VALUES ('153', 'SUBDIRECCION  DEL DEPARTAMENTO DE ELECTRICIDAD DE LA BASE NAVAL \"LAS CALDERAS\", ARD.', '5');
INSERT INTO `dependencias` VALUES ('154', 'SUBDIRECCION  GENERAL DEL CUERPO MEDICO Y SANIDAD NAVAL CON ASIENTO B/N \"LAS CALDERAS\"', '5');
INSERT INTO `dependencias` VALUES ('155', 'CENTRO DE INSTRUCCIÓN NAVAL \" LAS CALDERAS \"', '1');
INSERT INTO `dependencias` VALUES ('156', 'SUBDIRECCION  DEL CENTRO DE INSTRUCCION BASE NAVAL \"LAS CALDERAS\"', '5');
INSERT INTO `dependencias` VALUES ('157', 'COMANDANCIA DE PUERTO DE AZUA', '2');
INSERT INTO `dependencias` VALUES ('158', 'SUBDIRECCION  DE LA COMANDANCIA DE PUERTO DE AZUA, ARD.', '2');
INSERT INTO `dependencias` VALUES ('159', 'COMANDANCIA DE PUERTO DE BARAHONA', '2');
INSERT INTO `dependencias` VALUES ('160', 'SUBDIRECCION  DE LA COMANDANCIA DE PUERTO BARAHONA, ARD.', '2');
INSERT INTO `dependencias` VALUES ('161', 'COMANDANCIA DE PUERTO DE CABO ROJO', '2');
INSERT INTO `dependencias` VALUES ('162', 'SUBDIRECCION  DE LA COMANDANCIA DE PUERTO DE CABO ROJO, ARD.', '2');
INSERT INTO `dependencias` VALUES ('163', 'COMANDO NAVAL DE ENTREN. MANT.Y ABAST. DE LA FLOTA', '5');
INSERT INTO `dependencias` VALUES ('164', 'SUBDIRECCION  DEL COMANDO DE ENTRENAMIENTO Y MANTEMIENTO DE LA FLOTA', '5');
INSERT INTO `dependencias` VALUES ('165', 'SUBDIRECCION  TECNICA  DEL COMANDO DE ENTRENAMIENTO, MANTENIMIENTO Y ABAST. DE LA FLOTA', '5');
INSERT INTO `dependencias` VALUES ('166', 'SUB-ZONA NAVAL SUR (UT-5), ARD', '1');
INSERT INTO `dependencias` VALUES ('167', 'SUBDIRECCION  DE LA SUBZONA NAVAL SUR (UT-5), ARD.', '1');
INSERT INTO `dependencias` VALUES ('168', 'UNIDAD DE COMANDOS NAVALES, ARD.', '5');
INSERT INTO `dependencias` VALUES ('169', 'SUBDIRECCION  DE LA UNIDAD TACTICA DE LOS COMANDOS NAVALES, ARD.', '5');
INSERT INTO `dependencias` VALUES ('170', 'BUQUE INSIGNIA PATRULLERO DE ALTURA \"ALMIRANTE DIDIEZ BURGOS\" PA-301', '5');
INSERT INTO `dependencias` VALUES ('171', 'SUBDIRECCION  ADMINISTRATIVA  DEL BUQUE INSIGNIA, PA-301', '5');
INSERT INTO `dependencias` VALUES ('172', 'SUBDIRECCION  TECNICA DEL BUQUE INSIGNIA PA-301, PATRULLERO DE.ALTURA \"ALM.DIDIEZ BUGOS\"', '5');
INSERT INTO `dependencias` VALUES ('173', 'GUARDACOSTAS \"ALTAIR\", GC-112', '5');
INSERT INTO `dependencias` VALUES ('174', 'SUBDIRECCION  DEL GUARDACOSTAS \"ALTAIR\", GC-112, ARD.', '5');
INSERT INTO `dependencias` VALUES ('175', 'GUARDACOSTAS \"CANOPUS\" GC-107', '5');
INSERT INTO `dependencias` VALUES ('176', 'SUBDIRECCION  DEL GUARDACOSTAS \"CANOPUS\" GC-107, ARD.', '5');
INSERT INTO `dependencias` VALUES ('177', 'GUARDACOSTAS \"ORIÓN, GC-109', '5');
INSERT INTO `dependencias` VALUES ('178', 'SUBDIRECCION  DEL GUARDACOSTAS \"ORIÓN\" GC-109, ARD.', '5');
INSERT INTO `dependencias` VALUES ('179', 'LANCHA DE DESEMBARCO \" NEYBA\" LD-31', '5');
INSERT INTO `dependencias` VALUES ('180', 'SUBDIRECCION  DE LA LANCHA DE DESEMBARCO \"NEYBA\" LD-31, ARD.', '5');
INSERT INTO `dependencias` VALUES ('181', 'PATRULLERO MEDIANO  \"CAPOTILLO\" PM-204', '5');
INSERT INTO `dependencias` VALUES ('182', 'SUBDIRECCION  DEL PATRULLERO MEDIANO \"CAPOTILLO\", PM-204', '5');
INSERT INTO `dependencias` VALUES ('183', 'PATRULLERO MEDIANO \"TORTUGUERO\" PM-203.', '5');
INSERT INTO `dependencias` VALUES ('184', 'SUBDIRECCION  DEL PATRULLERO MEDIANO \"TORTUGUERO\" PM-203', '5');

-- ----------------------------
-- Table structure for `renglones`
-- ----------------------------
DROP TABLE IF EXISTS `renglones`;
CREATE TABLE `renglones` (
  `id_renglon` int(11) NOT NULL AUTO_INCREMENT,
  `desc_renglon` varchar(150) NOT NULL,
  PRIMARY KEY (`id_renglon`)
) ENGINE=InnoDB AUTO_INCREMENT=6 DEFAULT CHARSET=utf8;

-- ----------------------------
-- Records of renglones
-- ----------------------------
INSERT INTO `renglones` VALUES ('1', 'EDUCACION');
INSERT INTO `renglones` VALUES ('2', 'OPERACIONES NAVALES');
INSERT INTO `renglones` VALUES ('3', 'OPERACIONES TERRESTRES');
INSERT INTO `renglones` VALUES ('4', 'CONSTRUCCIONES Y REPARACIONES NAVALES');
INSERT INTO `renglones` VALUES ('5', 'DIRECCIONES ADMINISTRATIVAS');

-- ----------------------------
-- Table structure for `requerimientos`
-- ----------------------------
DROP TABLE IF EXISTS `requerimientos`;
CREATE TABLE `requerimientos` (
  `id` int(11) NOT NULL AUTO_INCREMENT,
  `dependencia` int(11) NOT NULL,
  `requerimiento` varchar(150) NOT NULL,
  `fecharegistro` date NOT NULL,
  `fecharequerido` date NOT NULL,
  `monto_cotizacion` decimal(10,2) DEFAULT '0.00',
  `monto_itbi` decimal(10,2) DEFAULT NULL,
  `status` bit(1) NOT NULL DEFAULT b'0',
  PRIMARY KEY (`id`)
) ENGINE=InnoDB AUTO_INCREMENT=9 DEFAULT CHARSET=utf8;

-- ----------------------------
-- Records of requerimientos
-- ----------------------------
INSERT INTO `requerimientos` VALUES ('1', '7', '(1) aire acondicionado para la oficina del director.', '2016-09-10', '2016-09-09', '150000.99', '27000.18', '');
INSERT INTO `requerimientos` VALUES ('2', '1', 'Reacondicionamiento de (4) aulas', '2016-09-10', '2016-09-09', '45768.00', '8238.24', '');
INSERT INTO `requerimientos` VALUES ('3', '1', '10 colchones para guardiamarinas', '2016-09-10', '2016-09-09', '15645.25', '2816.15', '');
INSERT INTO `requerimientos` VALUES ('4', '155', '250 Colchones para alistados del centro', '2016-09-10', '2016-09-10', '895365.70', '161165.83', '');
INSERT INTO `requerimientos` VALUES ('5', '157', '(1) puerta para la entrada de la comandancia', '2016-09-11', '2016-09-11', '13678.50', '2462.13', '');
INSERT INTO `requerimientos` VALUES ('6', '163', '(1) aire acondicionado', '2016-09-11', '2016-09-11', '75490.00', '13588.20', '');
INSERT INTO `requerimientos` VALUES ('7', '78', '(1) Soga de 50 pies', '2016-09-11', '2016-09-11', '4500.00', '810.00', '');
INSERT INTO `requerimientos` VALUES ('8', '170', '(1) abanico para la habitacion del comandante del barco', '2016-09-12', '2016-09-12', '8500.00', '1530.00', '');

-- ----------------------------
-- Table structure for `suplidores`
-- ----------------------------
DROP TABLE IF EXISTS `suplidores`;
CREATE TABLE `suplidores` (
  `id_suplidor` int(11) NOT NULL AUTO_INCREMENT,
  `suplidor` varchar(200) NOT NULL DEFAULT '',
  `rnc` varchar(50) DEFAULT NULL,
  PRIMARY KEY (`id_suplidor`)
) ENGINE=InnoDB AUTO_INCREMENT=4 DEFAULT CHARSET=utf8;

-- ----------------------------
-- Records of suplidores
-- ----------------------------
INSERT INTO `suplidores` VALUES ('1', 'SUPLIDOR 1', '123556');
INSERT INTO `suplidores` VALUES ('2', 'SUPLIDOR 2', '123456789123456789');
INSERT INTO `suplidores` VALUES ('3', 'SUPLIDOR 3', '');

-- ----------------------------
-- Table structure for `usuarios`
-- ----------------------------
DROP TABLE IF EXISTS `usuarios`;
CREATE TABLE `usuarios` (
  `idusuarios` int(11) NOT NULL AUTO_INCREMENT,
  `usuario` varchar(25) NOT NULL,
  `clave` varchar(25) NOT NULL,
  `status` bit(1) NOT NULL DEFAULT b'0',
  `nivelpermiso` int(1) DEFAULT '0',
  PRIMARY KEY (`idusuarios`)
) ENGINE=InnoDB AUTO_INCREMENT=3 DEFAULT CHARSET=utf8;

-- ----------------------------
-- Records of usuarios
-- ----------------------------
INSERT INTO `usuarios` VALUES ('1', 'frichardson', 'frrh0414', '', '1');
INSERT INTO `usuarios` VALUES ('2', 'HIRALDO', '123456789', '', '3');
